{
  "project_info": {
    "project_number": "438612959348",
    "project_id": "single-vendor-b6ae7",
    "storage_bucket": "single-vendor-b6ae7.appspot.com"
  },
  "client": [
    {
      "client_info": {
        "mobilesdk_app_id": "1:438612959348:android:805e34d2686a062ef9f121",
        "android_client_info": {
          "package_name": "com.singlerestaurant.driver"
        }
      },
      "oauth_client": [
        {
          "client_id": "438612959348-2akd4kkn1ujvd321pp34kelndm6lnlvu.apps.googleusercontent.com",
          "client_type": 1,
          "android_info": {
            "package_name": "com.singlerestaurant.driver",
            "certificate_hash": "fb2171f17be5cbdb66575d77bcfa715fe62c1260"
          }
        },
        {
          "client_id": "438612959348-a3d3oe3t254e0q7rasa0df4eg7c8dfoa.apps.googleusercontent.com",
          "client_type": 1,
          "android_info": {
            "package_name": "com.singlerestaurant.driver",
            "certificate_hash": "031c48b55613d351d6a1db27ca6e40aa74c55ba3"
          }
        },
        {
          "client_id": "438612959348-nsaei1kksr1l16i687mqjl1vgso2u5di.apps.googleusercontent.com",
          "client_type": 3
        }
      ],
      "api_key": [
        {
          "current_key": "AIzaSyDpsM7cFce016zsuZpbdEdXOO-uByR-S68"
        }
      ],
      "services": {
        "appinvite_service": {
          "other_platform_oauth_client": [
            {
              "client_id": "438612959348-nsaei1kksr1l16i687mqjl1vgso2u5di.apps.googleusercontent.com",
              "client_type": 3
            },
            {
              "client_id": "438612959348-u0pa9hsqsdj4hlb8vcno0n99ml0v2ebe.apps.googleusercontent.com",
              "client_type": 2,
              "ios_info": {
                "bundle_id": "com.singlerestaurant.driver"
              }
            }
          ]
        }
      }
    },
    {
      "client_info": {
        "mobilesdk_app_id": "1:438612959348:android:ea08dd981869b8c2f9f121",
        "android_client_info": {
          "package_name": "com.singlerestaurant.user"
        }
      },
      "oauth_client": [
        {
          "client_id": "438612959348-8vna6cjd7jj5k87jci8ib6e76tkirq7t.apps.googleusercontent.com",
          "client_type": 1,
          "android_info": {
            "package_name": "com.singlerestaurant.user",
            "certificate_hash": "fb2171f17be5cbdb66575d77bcfa715fe62c1260"
          }
        },
        {
          "client_id": "438612959348-l7nktmstt9am2uhmk8s479vlnt0gmha7.apps.googleusercontent.com",
          "client_type": 1,
          "android_info": {
            "package_name": "com.singlerestaurant.user",
            "certificate_hash": "031c48b55613d351d6a1db27ca6e40aa74c55ba3"
          }
        },
        {
          "client_id": "438612959348-nsaei1kksr1l16i687mqjl1vgso2u5di.apps.googleusercontent.com",
          "client_type": 3
        }
      ],
      "api_key": [
        {
          "current_key": "AIzaSyDpsM7cFce016zsuZpbdEdXOO-uByR-S68"
        }
      ],
      "services": {
        "appinvite_service": {
          "other_platform_oauth_client": [
            {
              "client_id": "438612959348-nsaei1kksr1l16i687mqjl1vgso2u5di.apps.googleusercontent.com",
              "client_type": 3
            },
            {
              "client_id": "438612959348-u0pa9hsqsdj4hlb8vcno0n99ml0v2ebe.apps.googleusercontent.com",
              "client_type": 2,
              "ios_info": {
                "bundle_id": "com.singlerestaurant.driver"
              }
            }
          ]
        }
      }
    }
  ],
  "configuration_version": "1"
}